not_found_org,not_found_mod,not_found_trans,not_found_cat
ahrbk,e eic ar bi ke,এ এইচ আর বি ক,TL-NW-ALNUM
ahri,ahri,আহ্রি,TL-NW-ALNUM
ahs,e eic es,এ এইচ এস,TL-NW-ALNUM
ahs,e eic es,এ এইচ এস,TL-NW-ALNUM
ahs,e eic es,এ এইচ এস,TL-NW-ALNUM
ahs,e eic es,এ এইচ এস,TL-NW-ALNUM
ahs,e eic es,এ এইচ এস,TL-NW-ALNUM
aht,e eic Ti,এ এইচ টি,TL-NW-ALNUM
ahuja,ahuja,আহুজা,TL-NW-ALNUM
ahyee,ahyI,আহ্যী,TL-NW-ALNUM
ahyogo,ahyogo,আহ্যগ,TL-NW-ALNUM
ahza,ahza,আহযা,TL-NW-ALNUM
ahzakurta,ahzakurta,আহযাকুরতা,TL-NW-ALNUM
hua,hua,হুয়া,TL-NW-ALNUM
fleur,fleur,ফ্লেউর,TL-NW-ALNUM
meng,meng,মেং,TL-NW-ALNUM
zhi,zhi,যহি,TL-NW-ALNUM
mei,mei,মেই,TL-NW-ALNUM
crockery,crockeri,চ্রচকেরি,TL-NW-ALNUM
ai:uoe,ai:uoe,ai:uoe,TL-NW-SP-Error
aiaiai,aiaiai,আইয়াইয়াই,TL-NW-ALNUM
aian-rahil,aian-rahil,aian-rahil,TL-NW-Error
aiating,aiaTing,আইয়াটিং,TL-NW-ALNUM
aibaasaa,aibaasaa,আইবাসা,TL-NW-ALNUM
aibaoly,aibaoli,আইবাওলি,TL-NW-ALNUM
aibecy,aibecy,আইবেচ্য,TL-NW-ALNUM
aiberia,aiberia,আইবেরিয়া,TL-NW-ALNUM
aibi,aibi,আইবি,TL-NW-ALNUM
aibio,aibayo,আইবায়,TL-NW-ALNUM
aibo,aibo,আইব,TL-NW-ALNUM
aiboer,aiboer,আইবএর,TL-NW-ALNUM
aiboer,aiboer,আইবএর,TL-NW-ALNUM
aiboo,aiboo,আইবু,TL-NW-ALNUM
aiborg,aiborg,আইবরগ,TL-NW-ALNUM
aiborong,aiborong,আইবরং,TL-NW-ALNUM
aibot,aibot,আইবত,TL-NW-ALNUM
aibotek,aibotek,আইবতেক,TL-NW-ALNUM
aicare,aikeyar,আইকেয়ার,TL-NW-ALNUM
aicha,aicha,আইছা,TL-NW-ALNUM
aicl,aicl,আইচল,TL-NW-ALNUM
aico,aico,আইচ,TL-NW-ALNUM
aico,aico,আইচ,TL-NW-ALNUM
aicok,aicok,আইচক,TL-NW-ALNUM
aicrane,aicrane,আইচ্রান,TL-NW-ALNUM
aida,aida,আইদা,TL-NW-ALNUM
cosmetic,kosmeTik,কস্মেটিক,TL-NW-ALNUM
aida,aida,আইদা,TL-NW-ALNUM
yasmine,yasmine,ইয়াস্মিন,TL-NW-ALNUM
jewel,jewel,জেওেল,TL-NW-ALNUM
aidah,aidah,আইদাহ,TL-NW-ALNUM
aidasi,aidasi,আইদাসি,TL-NW-ALNUM
aidea,aidea,আইদেয়া,TL-NW-ALNUM
aidelaide,aidelaide,আইদেলাইদ,TL-NW-ALNUM
aideli,aideli,আইদেলি,TL-NW-ALNUM
aidelli,aidelli,আইদেল্লি,TL-NW-ALNUM
aiden,aiden,আইদেন,TL-NW-ALNUM
aideson,aideson,আইদেসন,TL-NW-ALNUM
aidien,aidien,আইদিএন,TL-NW-ALNUM
aidijuma,aidijuma,আইদিজুমা,TL-NW-ALNUM
aidil,aidil,আইদিল,TL-NW-ALNUM
aidis,aidis,আইদিস,TL-NW-ALNUM
aidixi,aidixi,আইদিক্সি,TL-NW-ALNUM
aidle,aidle,আইদল,TL-NW-ALNUM
aidlea,aidlea,আইদলেয়া,TL-NW-ALNUM
aidocrystal,aidocristal,আইদচ্রিস্তাল,TL-NW-ALNUM
aidrani,aidrani,আইদ্রানি,TL-NW-ALNUM
aidu,aidu,আইদু,TL-NW-ALNUM
aidy,aidy,আইদ্য,TL-NW-ALNUM
aiek,aiek,আইএক,TL-NW-ALNUM
aienny,aienny,আইএন্ন্য,TL-NW-ALNUM
aier,aier,আইএর,TL-NW-ALNUM
aiersenn,aiersenn,আইএরসেন্ন,TL-NW-ALNUM
aifa,aifa,আইফা,TL-NW-ALNUM
aifa,aifa,আইফা,TL-NW-ALNUM
aifa,aifa,আইফা,TL-NW-ALNUM
aifamily,aifamili,আইফামিলি,TL-NW-ALNUM
ai-fan,ai-fan,ai-fan,TL-NW-Error
aifarmer,aifarmer,আইফারমের,TL-NW-ALNUM
aiffect,aiffect,আইফফেচত,TL-NW-ALNUM
aifira,aifira,আইফিরা,TL-NW-ALNUM
aigle,aigle,আইগ্ল,TL-NW-ALNUM
aigner,aigner,আইগ্নের,TL-NW-ALNUM
aigner,aigner,আইগ্নের,TL-NW-ALNUM
aigua,aigua,আইগুয়া,TL-NW-ALNUM
aiguille,aiguille,আইগুইল্ল,TL-NW-ALNUM
aihome,aihOm,আইহোম,TL-NW-ALNUM
aihomee,aihOme,আইহোম,TL-NW-ALNUM
aiireer,aiirIr,আইইরীর,TL-NW-ALNUM
aijia,aijia,আইজিয়া,TL-NW-ALNUM
aijiabao,aijiabao,আইজিয়াবাও,TL-NW-ALNUM
aijuice,aijua`is,আইজুাইস,TL-NW-ALNUM
dossier,dosier,দসিএর,TL-NW-ALNUM
aik,aik,আইক,TL-NW-ALNUM
cheong,cheong,ছেওং,TL-NW-ALNUM
aikashi,aikashi,আইকাশি,TL-NW-ALNUM
aikaya,aikaya,আইকায়া,TL-NW-ALNUM
aikice,aika`is,আইকাইস,TL-NW-ALNUM
aikka,aikka,আইক্কা,TL-NW-ALNUM
aiku,aiku,আইকু,TL-NW-ALNUM
aikyafashion,aikyafZashon,আইক্যাফ্যাশন,TL-NW-ALNUM
ail,ail,আইল,TL-NW-ALNUM
ailandi,ailZanDi,আইল্যান্ডি,TL-NW-ALNUM
ailang,ailang,আইলাং,TL-NW-ALNUM
ailansi,ailansi,আইলান্সি,TL-NW-ALNUM
ailaqi,ailaqi,আইলাকি,TL-NW-ALNUM
ailebebe,ailebebe,আইলেবেব,TL-NW-ALNUM
aileen,ailIn,আইলীন,TL-NW-ALNUM
aileex,ailIx,আইলীক্স,TL-NW-ALNUM
ailiang,ailiang,আইলিয়াং,TL-NW-ALNUM
ailiany,ailieni,আইলিএনি,TL-NW-ALNUM
ailin,ailin,আইলিন,TL-NW-ALNUM
ailinked,ailinked,আইলিঙ্কেদ,TL-NW-ALNUM
ailis,ailis,আইলিস,TL-NW-ALNUM
ailishabroy,ailishabroy,আইলিশাব্রয়,TL-NW-ALNUM
ailke,ailke,আইল্ক,TL-NW-ALNUM
ailooge,ailooge,আইলুগ,TL-NW-ALNUM
ailos,ailos,আইলস,TL-NW-ALNUM
ailsports,ailspOrrTs,আইলস্পোর্টস,TL-NW-ALNUM
ailun,ailun,আইলুন,TL-NW-ALNUM
aily,aili,আইলি,TL-NW-ALNUM
aim,aim,আইম,TL-NW-ALNUM
aim,aim,আইম,TL-NW-ALNUM
healthypurina,hilthipurina,হিলথিপুরিনা,TL-NW-ALNUM
aim,aim,আইম,TL-NW-ALNUM
aim,aim,আইম,TL-NW-ALNUM
aim,aim,আইম,TL-NW-ALNUM
aima,aima,আইমা,TL-NW-ALNUM
lovewell,loveOyel,লভেওয়েল,TL-NW-ALNUM
aimababy,aimababi,আইমাবাবি,TL-NW-ALNUM
aimago,aimago,আইমাগ,TL-NW-ALNUM
aimasi,aimasi,আইমাসি,TL-NW-ALNUM
aimecor,aimekor,আইমেকর,TL-NW-ALNUM
aimedia,aimiDiya,আইমিডিয়া,TL-NW-ALNUM
aimee,aimI,আইমী,TL-NW-ALNUM
kestenberg,kestenberg,কেস্তেনবেরগ,TL-NW-ALNUM
aimeey,aimIy,আইমীয়,TL-NW-ALNUM
aimeida,aimeida,আইমেইদা,TL-NW-ALNUM
aimer,aimer,আইমের,TL-NW-ALNUM
aimida,aimida,আইমিদা,TL-NW-ALNUM
aimihana,aimihana,আইমিহানা,TL-NW-ALNUM
aimika,aimika,আইমিকা,TL-NW-ALNUM
aimily,aimili,আইমিলি,TL-NW-ALNUM
aiminyz,aiminyz,আইমিন্যয,TL-NW-ALNUM
aimit,aimit,আইমিত,TL-NW-ALNUM
aimjerry,aimjerri,আইমজেঋ,TL-NW-ALNUM
aimo,aimo,আইম,TL-NW-ALNUM
aimometer,aimomeTar,আইমমেটার,TL-NW-ALNUM
aimsunaw,aimsanaw,আইমসানাও,TL-NW-ALNUM
aimtrend,aimTrenD,আইমট্রেন্ড,TL-NW-ALNUM
aimu,aimu,আইমু,TL-NW-ALNUM
ghani,ghani,ঘানি,TL-NW-ALNUM
ainaa,ainaa,আইনা,TL-NW-ALNUM
serum,serum,সেরুম,TL-NW-ALNUM
ainami,ainami,আইনামি,TL-NW-ALNUM
ainasar,ainasar,আইনাসার,TL-NW-ALNUM
ainaz,ainaz,আইনায,TL-NW-ALNUM
ainea,ainea,আইনেয়া,TL-NW-ALNUM
ainiaini,ainiaini,আইনিয়াইনি,TL-NW-ALNUM
ainie,ainie,আইনিএ,TL-NW-ALNUM
umairah,umairah,উমাইরাহ,TL-NW-ALNUM
uzma,uzma,উযমা,TL-NW-ALNUM
glowing,glowing,গ্লওিং,TL-NW-ALNUM
ainifeel,ainifIl,আইনিফীল,TL-NW-ALNUM
aino,aino,আইন,TL-NW-ALNUM
ainohung,ainohung,আইনহুং,TL-NW-ALNUM
ainol,ainol,আইনল,TL-NW-ALNUM
ainon's,ainon's,ainon's,TL-NW-SP-Error
ainoway,ainoooye,আইনুঅয়,TL-NW-ALNUM
ainsley,ainsley,আইন্সলেয়,TL-NW-ALNUM
aio,aio,আইও,TL-NW-ALNUM
aiobesol,aiobesol,আইওবেসল,TL-NW-ALNUM
aion,aion,আইওন,TL-NW-ALNUM
aione,aione,আইওন,TL-NW-ALNUM
aionme,aionme,আইওন্ম,TL-NW-ALNUM
aipaisi,aipaisi,আইপাইসি,TL-NW-ALNUM
aipal,aipal,আইপাল,TL-NW-ALNUM
aiphun,aiphun,আইফুন,TL-NW-ALNUM
aipin,aipin,আইপিন,TL-NW-ALNUM
aipinqi,aipinqi,আইপিনকি,TL-NW-ALNUM
aipu,aipu,আইপু,TL-NW-ALNUM
aiqaa,aiqaa,আইকা,TL-NW-ALNUM
aiqimeng,aiqimeng,আইকিমেং,TL-NW-ALNUM
aiqinniao,aiqinniao,আইকিন্নিয়াও,TL-NW-ALNUM
aiqiyi,aiqiyi,আইকিয়ি,TL-NW-ALNUM
aiqura,aiqura,আইকুরা,TL-NW-ALNUM
balloon,baloon,বালুন,TL-NW-ALNUM
circulator,circulaTor,চিরচুলাটর,TL-NW-ALNUM
try-100k,try-100k,try-100k,TL-NW-Error
compressor,komprisor,কম্প্রিসর,TL-NW-ALNUM
cooler,kooler,কুলের,TL-NW-ALNUM
cushion,kashion,কাশিওন,TL-NW-ALNUM
aviators,aviaTors,আভিয়াটরস,TL-NW-ALNUM
wallets,wallets,ওয়াল্লেতস,TL-NW-ALNUM
frens,frens,ফ্রেন্স,TL-NW-ALNUM
herald,harald,হারালদ,TL-NW-ALNUM
hogs,hogs,হগস,TL-NW-ALNUM
ionizzz,ionizzz,ইওনিযযয,TL-NW-ALNUM
kaol,kaol,কাওল,TL-NW-ALNUM
kotak,kotak,কতাক,TL-NW-ALNUM
oasis,oasis,অয়াসিস,TL-NW-ALNUM
stocking,stocking,স্তচকিং,TL-NW-ALNUM
tronics,Troniks,ট্রনিক্স,TL-NW-ALNUM
val,val,ভাল,TL-NW-ALNUM
visco,visco,ভিসচ,TL-NW-ALNUM
aira,aira,আইরা,TL-NW-ALNUM
airbac,airbac,আইরবাচ,TL-NW-ALNUM
airbag,airbZag,আইরব্যাগ,TL-NW-ALNUM
airbagman,airbZagman,আইরব্যাগ্মান,TL-NW-ALNUM
airbalticcard,airbalTikkard,আইরবাল্টিক্কারদ,TL-NW-ALNUM
airblasters,airblasTars,আইরব্লাস্টারস,TL-NW-ALNUM
airbnb,airbnb,আইরবনব,TL-NW-ALNUM
airboom,airboom,আইরবুম,TL-NW-ALNUM
airbuy,airbai,আইরবাই,TL-NW-ALNUM
aircast,airkast,আইরকাস্ত,TL-NW-ALNUM
aircell,airsel,আইরসেল,TL-NW-ALNUM
airco,airco,আইরচ,TL-NW-ALNUM
aircom,airkom,আইরকম,TL-NW-ALNUM
air-condition,air-condition,air-condition,TL-NW-Error
disinfectant,disinfectant,দিসিনফেচতান্ত,TL-NW-ALNUM
air-conditioned,air-conditioned,air-conditioned,Long-word
airdoctor,airDaktar,আইরডাক্তার,TL-NW-ALNUM
aire,aire,আইর,TL-NW-ALNUM
airegard,airegard,আইরেগারদ,TL-NW-ALNUM
andinos,andinos,আন্দিনস,TL-NW-ALNUM
airestec,airesTek,আইরেস্টেক,TL-NW-ALNUM
airfix,airfix,আইরফিক্স,TL-NW-ALNUM
airfree,airfrI,আইরফ্রী,TL-NW-ALNUM
airfresh,airfresh,আইরফ্রেশ,TL-NW-ALNUM
airglow,airglow,আইরগ্লও,TL-NW-ALNUM
airheads,airheads,আইরহেয়াদস,TL-NW-ALNUM
airhole,airhole,আইরহল,TL-NW-ALNUM
airien,airien,আইরিএন,TL-NW-ALNUM
airin,airin,আইরিন,TL-NW-ALNUM
airin'z,airin'z,airin'z,TL-NW-SP-Error
airis,airis,আইরিস,TL-NW-ALNUM
airis,airis,আইরিস,TL-NW-ALNUM
premium,primium,প্রিমিউম,TL-NW-ALNUM
airiz,airiz,আইরিয,TL-NW-ALNUM
airjet,airjet,আইরজেত,TL-NW-ALNUM
airlink,airlink,আইরলিঙ্ক,TL-NW-ALNUM
airlive,airlive,আইরলিভ,TL-NW-ALNUM
airlock,airlock,আইরলচক,TL-NW-ALNUM
airlux,airlux,আইরলুক্স,TL-NW-ALNUM
airlux,airlux,আইরলুক্স,TL-NW-ALNUM
airman,airman,আইরমান,TL-NW-ALNUM
airmask,airmask,আইরমাস্ক,TL-NW-ALNUM
airmatrixx,airmatrixx,আইরমাত্রিক্সক্স,TL-NW-ALNUM
airmax,airmZax,আইরম্যাক্স,TL-NW-ALNUM
airmcl,airmcl,আইরমচল,TL-NW-ALNUM
airo,airo,আইর,TL-NW-ALNUM
airo,airo,আইর,TL-NW-ALNUM
airobot,airobot,আইরবত,TL-NW-ALNUM
airoh,airoh,আইরহ,TL-NW-ALNUM
airomaster,airomasTar,আইরমাস্টার,TL-NW-ALNUM
air-o-matic,air-o-matic,air-o-matic,TL-NW-Error
air-o-swiss,air-o-swiss,air-o-swiss,TL-NW-Error
airparfym,airparfym,আইরপারফ্যম,TL-NW-ALNUM
freshener,freshener,ফ্রেশেনের,TL-NW-ALNUM
airplay,airplay,আইরপ্লায়,TL-NW-ALNUM
airpower,airpa``Oar,আইরপাওয়ার,TL-NW-ALNUM
airpromise,airpromise,আইরপ্রমিস,TL-NW-ALNUM
airq,airq,আইরক,TL-NW-ALNUM
airress,airres,আইররেস,TL-NW-ALNUM
airroxy,airroxy,আইররক্স্য,TL-NW-ALNUM
airsep,airsep,আইরসেপ,TL-NW-ALNUM
airshop,airshop,আইরশপ,TL-NW-ALNUM
airsim,airsim,আইরসিম,TL-NW-ALNUM
airsock,airSok,আইরশক,TL-NW-ALNUM
airsoft,airsofT,আইরসফট,TL-NW-ALNUM
prescription,priscrip`Son,প্রিসচ্রিপশন,TL-NW-ALNUM
lenses,lenses,লেন্সেস,TL-NW-ALNUM
airstar,airsTar,আইরস্টার,TL-NW-ALNUM
airtall,airTl,আইরটল,TL-NW-ALNUM
airtec,airTek,আইরটেক,TL-NW-ALNUM
air-tel,air-tel,air-tel,TL-NW-Error
airthings,airthings,আইরথিংস,TL-NW-ALNUM
airtronics,airTroniks,আইরট্রনিক্স,TL-NW-ALNUM
refrigeration,refrigera`Son,রেফ্রিগেরাশন,TL-NW-ALNUM
airvita,airvita,আইরভিতা,TL-NW-ALNUM
airwheel,airwhIl,আইর্বহীল,TL-NW-ALNUM
airwick,airwick,আইর্বিচক,TL-NW-ALNUM
airwings,airwings,আইর্বিংস,TL-NW-ALNUM
airwolf,airwolf,আইর্বলফ,TL-NW-ALNUM
airy,airi,আইরি,TL-NW-ALNUM
airyhug,airihug,আইরিহুগ,TL-NW-ALNUM
ais,ais,আইস,TL-NW-ALNUM
ais,ais,আইস,TL-NW-ALNUM
gz223,gz223,গয২২৩,TL-NW-ALNUM
aisah,aisah,আইসাহ,TL-NW-ALNUM
aisah,aisah,আইসাহ,TL-NW-ALNUM
keropok,keropok,কেরপক,TL-NW-ALNUM
aisan,aisan,আইসান,TL-NW-ALNUM
aisasu,aisasu,আইসাসু,TL-NW-ALNUM
aisda,aisda,আইসদা,TL-NW-ALNUM
aise,aise,আইস,TL-NW-ALNUM
aisha,aisha,আইশা,TL-NW-ALNUM
az,az,আয,TL-NW-ALNUM
aisha,aisha,আইশা,TL-NW-ALNUM
aisha,aisha,আইশা,TL-NW-ALNUM
khadija,khadija,খাদিজা,TL-NW-ALNUM
aishah's,aishah's,aishah's,TL-NW-SP-Error
aishali,aishali,আইশালি,TL-NW-ALNUM
aishang,aishang,আইশাং,TL-NW-ALNUM
aishwarja,aish`Oarja,আইশওয়ারজা,TL-NW-ALNUM
aisi,aisi,আইসি,TL-NW-ALNUM
aisihair,aisihair,আইসিহাইর,TL-NW-ALNUM
aisilin,aisilin,আইসিলিন,TL-NW-ALNUM
aisin,aisin,আইসিন,TL-NW-ALNUM
aiskaer,aiskaer,আইস্কাএর,TL-NW-ALNUM
ai-skin,ai-skin,ai-skin,TL-NW-Error
aisleep,aislIp,আইস্লীপ,TL-NW-ALNUM
aison,aison,আইসন,TL-NW-ALNUM
aisoninuo,aisoninuo,আইসনিনুও,TL-NW-ALNUM
aisy,aisy,আইস্য,TL-NW-ALNUM
shoppe,shoppe,শপ্প,TL-NW-ALNUM
aisya,aisya,আইস্যা,TL-NW-ALNUM
aisyah,aisyah,আইস্যাহ,TL-NW-ALNUM
aisyah,aisyah,আইস্যাহ,TL-NW-ALNUM
minyak,minyak,মিন্যাক,TL-NW-ALNUM
kelapa,kelapa,কেলাপা,TL-NW-ALNUM
aisyahumairah,aisyahumairah,আইস্যাহুমাইরাহ,TL-NW-ALNUM
aita,aita,আইতা,TL-NW-ALNUM
aitana,aitana,আইতানা,TL-NW-ALNUM
aitbs,aitbs,আইতবস,TL-NW-ALNUM
aitc,aitc,আইতচ,TL-NW-ALNUM
aitech,aiTek,আইটেক,TL-NW-ALNUM
aiteli,aiteli,আইতেলি,TL-NW-ALNUM
aitisin,aiTisin,আইটিসিন,TL-NW-ALNUM
aitliving,aitliving,আইতলিভিং,TL-NW-ALNUM
aitte,aitte,আইত্ত,TL-NW-ALNUM
aittone,aitTone,আইতটন,TL-NW-ALNUM
aiva,aiva,আইভা,TL-NW-ALNUM
aiva,aiva,আইভা,TL-NW-ALNUM
aivedo,aivedo,আইভেদ,TL-NW-ALNUM
aivil,aivil,আইভিল,TL-NW-ALNUM
aivoye,aivoye,আইভয়,TL-NW-ALNUM
aivyls,aivyls,আইভ্যলস,TL-NW-ALNUM
aiwa,aiwa,আইওা,TL-NW-ALNUM
aiwa,aiwa,আইওা,TL-NW-ALNUM
aiwas,aiwas,আইওাস,TL-NW-ALNUM
aiwatch,aiwatch,আইওাতছ,TL-NW-ALNUM
aiwatch,aiwatch,আইওাতছ,TL-NW-ALNUM
aiwear,aiwear,আইওেয়ার,TL-NW-ALNUM
aiweilin,aiweilin,আইওেইলিন,TL-NW-ALNUM
aiwl,aiwl,আইওল,TL-NW-ALNUM
aiwoko,aiwoko,আইওক,TL-NW-ALNUM
aixia,aixia,আইক্সিয়া,TL-NW-ALNUM
aixin,aixin,আইক্সিন,TL-NW-ALNUM
aixin,aixin,আইক্সিন,TL-NW-ALNUM
aixuan,aixuan,আইক্সুয়ান,TL-NW-ALNUM
aiyaan,aiyaan,আইয়ান,TL-NW-ALNUM
aiyan,aiyan,আইয়ান,TL-NW-ALNUM
aiyash,aiyash,আইয়াশ,TL-NW-ALNUM
aiyati,aiyaTi,আইয়াটি,TL-NW-ALNUM
aiyecao,aiyekao,আইয়েকাও,TL-NW-ALNUM
aiyigu,aiyigu,আইয়িগু,TL-NW-ALNUM
aiyoumei,aiyoumei,আইয়উমেই,TL-NW-ALNUM
aiyoyo,aiyoyo,আইয়য়,TL-NW-ALNUM
aiyueâ®,aiyueâ®,aiyueâ®,TL-NW-Error
aiyze,aiyze,আইয়য,TL-NW-ALNUM
aizbo,aizbo,আইযব,TL-NW-ALNUM
aizhou,aizhou,আইযহউ,TL-NW-ALNUM
aizhuo,aizhuo,আইযহুও,TL-NW-ALNUM
aizira,aizira,আইযিরা,TL-NW-ALNUM
aizuni,aiziuni,আইযিউনি,TL-NW-ALNUM
enerprise,enerprise,এনেরপ্রিস,TL-NW-ALNUM
hippo,hippo,হিপ্প,TL-NW-ALNUM
pefume,pefium,পেফিউম,TL-NW-ALNUM
shop(bog),shop(bog),shop(bog),TL-NW-SP-Error
vape,vape,ভাপ,TL-NW-ALNUM
aja,e jea,এ জেয়া,TL-NW-ALNUM
ajahara,e jeahara,এ জেয়াহারা,TL-NW-ALNUM
ajanta,e jeanta,এ জেয়ান্তা,TL-NW-ALNUM
mim,mim,মিম,TL-NW-ALNUM
ajanta,e jeanta,এ জেয়ান্তা,TL-NW-ALNUM
ajantakleo,e jeantakleo,এ জেয়ান্তাক্লেও,TL-NW-ALNUM
ajaxbd,e jeaxbd,এ জেয়াক্সব্দ,TL-NW-ALNUM
ajazz,e jeazz,এ জেয়াযয,TL-NW-ALNUM
ajb,e jeb,এ জেব,TL-NW-ALNUM
ajc,e jec,এ জেচ,TL-NW-ALNUM
ajib,e jeib,এ জেইব,TL-NW-ALNUM
ajidou,e jeidou,এ জেইদউ,TL-NW-ALNUM
ajiking,e jeiking,এ জেইকিং,TL-NW-ALNUM
ajisun51,e jeisan51,এ জেইসান৫১,TL-NW-ALNUM
ajit,e jeit,এ জেইত,TL-NW-ALNUM
ajkar,e jekar,এ জেকার,TL-NW-ALNUM
bazzar,bazzar,বাযযার,TL-NW-ALNUM
ajkerbajar24,e jekerbe jear24,এ জেকেরব জেয়ার২৪,TL-NW-ALNUM
ajkerbazer91,e jekerbazer91,এ জেকেরবাযের৯১,TL-NW-ALNUM
ajm,e jem,এ জেম,TL-NW-ALNUM
ajmal,e jemal,এ জেমাল,TL-NW-ALNUM
ajmi,e jemi,এ জেমি,TL-NW-ALNUM
ajn,e jen,এ জেন,TL-NW-ALNUM
ajns,e jens,এ জেন্স,TL-NW-ALNUM
ajns,e jens,এ জেন্স,TL-NW-ALNUM
ajob,e jeob,এ জেওব,TL-NW-ALNUM
ajoke,e jeoke,এ জেওক,TL-NW-ALNUM
ajooba_rz,ajooba_rz,ajooba_rz,TL-NW-SP-Error
ajoy,e jeoy,এ জেওয়,TL-NW-ALNUM
ajoy,e jeoy,এ জেওয়,TL-NW-ALNUM
sahu,sahu,সাহু,TL-NW-ALNUM
ajr,e jer,এ জের,TL-NW-ALNUM
ajs,e jes,এ জেস,TL-NW-ALNUM
ajs,e jes,এ জেস,TL-NW-ALNUM
ajs,e jes,এ জেস,TL-NW-ALNUM
ajs,e jes,এ জেস,TL-NW-ALNUM
ajs,e jes,এ জেস,TL-NW-ALNUM
ajs,e jes,এ জেস,TL-NW-ALNUM
ajum,e jeum,এ জেউম,TL-NW-ALNUM
ajura,e jeura,এ জেউরা,TL-NW-ALNUM
ajusen,e jeusen,এ জেউসেন,TL-NW-ALNUM
ajwa,e jewa,এ জেওা,TL-NW-ALNUM
ajwa,e jewa,এ জেওা,TL-NW-ALNUM
ajwa,e jewa,এ জেওা,TL-NW-ALNUM
ajwa,e jewa,এ জেওা,TL-NW-ALNUM
ajya,e jeya,এ জেয়া,TL-NW-ALNUM
collection(ctg),collection(ctg),collection(ctg),Long-word
fishing,fishing,ফিশিং,TL-NW-ALNUM
foam,fOm,ফোম,TL-NW-ALNUM
rakib,rakib,রাকিব,TL-NW-ALNUM
rakib,rakib,রাকিব,TL-NW-ALNUM
seller,seler,সেলের,TL-NW-ALNUM
ghuri,ghuri,ঘুরি,TL-NW-ALNUM
sp,sp,স্প,TL-NW-ALNUM
ak17,ak17,আক১৭,TL-NW-ALNUM
ak613c,ak613c,আক৬১৩চ,TL-NW-ALNUM
akabeila,akabeila,আকাবেইলা,TL-NW-ALNUM
akachan,akachan,আকাছান,TL-NW-ALNUM
akai,akai,আকাই,TL-NW-ALNUM
akaipro,akaipro,আকাইপ্র,TL-NW-ALNUM
akakbedaksejuk,akakbedaksejuk,আকাকবেদাক্সেজুক,TL-NW-ALNUM
akakura,akakura,আকাকুরা,TL-NW-ALNUM
akaline,akala`in,আকালাইন,TL-NW-ALNUM
akalseni,akalseni,আকালসেনি,TL-NW-ALNUM
akando,akando,আকান্দ,TL-NW-ALNUM
akane,akane,আকান,TL-NW-ALNUM
akansha,akansha,আকানশা,TL-NW-ALNUM
akanto,akanto,আকান্ত,TL-NW-ALNUM
akarana,akarana,আকারানা,TL-NW-ALNUM
akasa,akasa,আকাসা,TL-NW-ALNUM
choa,choa,ছয়া,TL-NW-ALNUM
dth,dth,দথ,TL-NW-ALNUM
dth,dth,দথ,TL-NW-ALNUM
akashshop,akashshop,আকাশশপ,TL-NW-ALNUM
akashy,akashy,আকাশ্য,TL-NW-ALNUM
akaso,akaso,আকাস,TL-NW-ALNUM
akatie,akaTie,আকাটিএ,TL-NW-ALNUM
akatsuki,akatsuki,আকাতসুকি,TL-NW-ALNUM
akbd,akbd,আকব্দ,TL-NW-ALNUM
akboria,akboria,আকবরিয়া,TL-NW-ALNUM
akc,akc,আকচ,TL-NW-ALNUM
akdam,akdam,আকদাম,TL-NW-ALNUM
akekio,akekio,আকেকিও,TL-NW-ALNUM
akemi,akemi,আকেমি,TL-NW-ALNUM
akemi,akemi,আকেমি,TL-NW-ALNUM
alpinia,alpinia,আল্পিনিয়া,TL-NW-ALNUM
akemi,akemi,আকেমি,TL-NW-ALNUM
akemi,akemi,আকেমি,TL-NW-ALNUM
avantgarde,avantgarde,আভান্তগারদ,TL-NW-ALNUM
akemi,akemi,আকেমি,TL-NW-ALNUM
roses,roses,রসেস,TL-NW-ALNUM
akemi,akemi,আকেমি,TL-NW-ALNUM
bloomingville,bloomingville,ব্লুমিংভিল্ল,TL-NW-ALNUM
akemi,akemi,আকেমি,TL-NW-ALNUM
castello,kastello,কাস্তেল্ল,TL-NW-ALNUM
verona,verona,ভেরনা,TL-NW-ALNUM
akemi,akemi,আকেমি,TL-NW-ALNUM
fantasia,fZantasia,ফ্যান্তাসিয়া,TL-NW-ALNUM
akemi,akemi,আকেমি,TL-NW-ALNUM
favorita,favorita,ফাভরিতা,TL-NW-ALNUM
florentine,florenTine,ফ্লরেন্টিন,TL-NW-ALNUM
akemi,akemi,আকেমি,TL-NW-ALNUM
florence,florence,ফ্লরেঞ্চ,TL-NW-ALNUM
akemi,akemi,আকেমি,TL-NW-ALNUM
microtex,microTex,মিচ্রটেক্স,TL-NW-ALNUM
sateen,satIn,সাতীন,TL-NW-ALNUM
akemi,akemi,আকেমি,TL-NW-ALNUM
akemi,akemi,আকেমি,TL-NW-ALNUM
silky,silky,সিল্ক্য,TL-NW-ALNUM
akemi,akemi,আকেমি,TL-NW-ALNUM
uchi,uchi,উছি,TL-NW-ALNUM
akemi,akemi,আকেমি,TL-NW-ALNUM
vdc,vdc,ভদচ,TL-NW-ALNUM
akemi,akemi,আকেমি,TL-NW-ALNUM
casa,kasa,কাসা,TL-NW-ALNUM
akemi,akemi,আকেমি,TL-NW-ALNUM
akemiuchi,akemiuchi,আকেমিউছি,TL-NW-ALNUM
akesi,akesi,আকেসি,TL-NW-ALNUM
aketek,aketek,আকেতেক,TL-NW-ALNUM
akfs+,akfs+,akfs+,TL-NW-Error
akg,akg,আকগ,TL-NW-ALNUM
akg,akg,আকগ,TL-NW-ALNUM
akha,akha,আখা,TL-NW-ALNUM
akhanda,akhZanDa,আখ্যান্ডা,TL-NW-ALNUM
akhanda,akhZanDa,আখ্যান্ডা,TL-NW-ALNUM
akhi,akhi,আখি,TL-NW-ALNUM
akhi,akhi,আখি,TL-NW-ALNUM
akhi,akhi,আখি,TL-NW-ALNUM
akhi,akhi,আখি,TL-NW-ALNUM
akhi,akhi,আখি,TL-NW-ALNUM
nayon,nayon,নায়ন,TL-NW-ALNUM
garment,garmenT,গারমেন্ট,TL-NW-ALNUM
akhi,akhi,আখি,TL-NW-ALNUM
akhi,akhi,আখি,TL-NW-ALNUM
akhi,akhi,আখি,TL-NW-ALNUM
akhi,akhi,আখি,TL-NW-ALNUM
akhi,akhi,আখি,TL-NW-ALNUM
telecom24,Telikom24,টেলিকম২৪,TL-NW-ALNUM
akhi24,akhi24,আখি২৪,TL-NW-ALNUM
akhoni,akhoni,আখনি,TL-NW-ALNUM
akhonibuy,akhonibai,আখনিবাই,TL-NW-ALNUM
akhor,akhor,আখর,TL-NW-ALNUM
ak-hot,ak-hot,ak-hot,TL-NW-Error
akhra,akhra,আখ্রা,TL-NW-ALNUM
foam,fOm,ফোম,TL-NW-ALNUM
mattress,mattres,মাত্ত্রেস,TL-NW-ALNUM
mattress,mattres,মাত্ত্রেস,TL-NW-ALNUM
poshari,poshari,পশারি,TL-NW-ALNUM
akias,akias,আকিয়াস,TL-NW-ALNUM
akib,akib,আকিব,TL-NW-ALNUM
akib,akib,আকিব,TL-NW-ALNUM
akib,akib,আকিব,TL-NW-ALNUM
akib,akib,আকিব,TL-NW-ALNUM
akib,akib,আকিব,TL-NW-ALNUM
akib,akib,আকিব,TL-NW-ALNUM
akib,akib,আকিব,TL-NW-ALNUM
akiba-accessories,akiba-accessories,akiba-accessories,Long-word
akibbd,akibbd,আকিব্বদ,TL-NW-ALNUM
akibfashion,akibfZashon,আকিবফ্যাশন,TL-NW-ALNUM
akibgroceries,akibgroceries,আকিবগ্রচেরিএস,TL-NW-ALNUM
akid,akiD,আকিড,TL-NW-ALNUM
akidzo,akiDzo,আকিডয,TL-NW-ALNUM
akifcafe,akifkZafe`,আকিফক্যাফে,TL-NW-ALNUM
akif's,akif's,akif's,TL-NW-SP-Error
scriptical,scripTikal,সচ্রিপ্টিকাল,TL-NW-ALNUM
akij,akij,আকিজ,TL-NW-ALNUM
akik,akik,আকিক,TL-NW-ALNUM
akik99,akik99,আকিক৯৯,TL-NW-ALNUM
akiku,akiku,আকিকু,TL-NW-ALNUM
akileine,akileine,আকিলেইন,TL-NW-ALNUM
akin,akin,আকিন,TL-NW-ALNUM
a'kin,a'kin,a'kin,TL-NW-SP-Error
akindo,akindo,আকিন্দ,TL-NW-ALNUM
akira,akira,আকিরা,TL-NW-ALNUM
akiro,akiro,আকির,TL-NW-ALNUM
akitve,akitve,আকিতভ,TL-NW-ALNUM
akiyo,akiyo,আকিয়,TL-NW-ALNUM
akkhor,akkhor,আক্ষর,TL-NW-ALNUM
akkord,akkord,আক্করদ,TL-NW-ALNUM
aklsni,aklsni,আক্লস্নি,TL-NW-ALNUM
akm,akm,আকম,TL-NW-ALNUM
akm,akm,আকম,TL-NW-ALNUM
akma,akma,আকমা,TL-NW-ALNUM
ak-mart,ak-mart,ak-mart,TL-NW-Error
akmax,akmZax,আকম্যাক্স,TL-NW-ALNUM
akmu,akmu,আকমু,TL-NW-ALNUM
aknicare,akna`ikyar,আকনাইক্যার,TL-NW-ALNUM
akoak,akoak,আকয়াক,TL-NW-ALNUM
akon,akon,আকন,TL-NW-ALNUM
chizein,chizein,ছিযেইন,TL-NW-ALNUM
akon,akon,আকন,TL-NW-ALNUM
akon,akon,আকন,TL-NW-ALNUM
akon,akon,আকন,TL-NW-ALNUM
akona,akona,আকনা,TL-NW-ALNUM
akonmart,akonMarrT,আকন্মার্ট,TL-NW-ALNUM
akord,akord,আকরদ,TL-NW-ALNUM
akoric,akoric,আকরিচ,TL-NW-ALNUM
akorshonbd,akorshonbd,আকরশনব্দ,TL-NW-ALNUM
akorsson,akorson,আকরসন,TL-NW-ALNUM
akota,akota,আকতা,TL-NW-ALNUM
akota,akota,আকতা,TL-NW-ALNUM
akota,akota,আকতা,TL-NW-ALNUM
cornerbd,krnerbd,ক্রনেরব্দ,TL-NW-ALNUM
akota,akota,আকতা,TL-NW-ALNUM
akotha,akotha,আকথা,TL-NW-ALNUM
akr,akr,আক্র,TL-NW-ALNUM
akr,akr,আক্র,TL-NW-ALNUM
akracing,akracing,আক্রাচিং,TL-NW-ALNUM
akrapovic,akrapovic,আক্রাপভিচ,TL-NW-ALNUM
akron,akron,আক্রন,TL-NW-ALNUM
aks,aks,আক্স,TL-NW-ALNUM
ak's,ak's,ak's,TL-NW-SP-Error
creamy,creami,চ্রেয়ামি,TL-NW-ALNUM
ak's,ak's,ak's,TL-NW-SP-Error
legacy,legacy,লেগাচ্য,TL-NW-ALNUM
ak's,ak's,ak's,TL-NW-SP-Error
akshara,akshara,আকশারা,TL-NW-ALNUM
akslen,akslen,আক্সলেন,TL-NW-ALNUM
aksu,aksu,আক্সু,TL-NW-ALNUM
aksuvital,aksuvital,আক্সুভিতাল,TL-NW-ALNUM
softem,sofTem,সফটেম,TL-NW-ALNUM
aktc-auto,aktc-auto,aktc-auto,TL-NW-Error
akter,akTar,আক্টার,TL-NW-ALNUM
aktion,ak`Son,আকশন,TL-NW-ALNUM
aktobis,aktobis,আক্তবিস,TL-NW-ALNUM
wdh,wdh,ওধ,TL-NW-ALNUM
aku,aku,আকু,TL-NW-ALNUM
aku,aku,আকু,TL-NW-ALNUM
aky,aky,আক্য,TL-NW-ALNUM
akz,akz,আকয,TL-NW-ALNUM
balag,balag,বালাগ,TL-NW-ALNUM
ahwazi,ahwazi,আহ্বাযি,TL-NW-ALNUM
jubah,jubah,জুবাহ,TL-NW-ALNUM
ainna,ainna,আইন্না,TL-NW-ALNUM
aksha,aksha,আকশা,TL-NW-ALNUM
aksha,aksha,আকশা,TL-NW-ALNUM
aksha,aksha,আকশা,TL-NW-ALNUM
libray,libray,লিব্রায়,TL-NW-ALNUM
amanat,amanat,আমানাত,TL-NW-ALNUM
amanat,amanat,আমানাত,TL-NW-ALNUM
superstore,suparsTOre,সুপারস্টোর,TL-NW-ALNUM
ansar,ansar,আন্সার,TL-NW-ALNUM
ansar,ansar,আন্সার,TL-NW-ALNUM
dates,dates,দাতেস,TL-NW-ALNUM
(modina),(modina),(modina),TL-NW-SP-Error
aqsa,aqsa,আকসা,TL-NW-ALNUM
araf,araf,আরাফ,TL-NW-ALNUM
araf,araf,আরাফ,TL-NW-ALNUM
arif,arif,আরিফ,TL-NW-ALNUM
aseel,asIl,আসীল,TL-NW-ALNUM
aseel,asIl,আসীল,TL-NW-ALNUM
azhar,azhar,আযহার,TL-NW-ALNUM
azhar,azhar,আযহার,TL-NW-ALNUM
sunnahfoods,sannahfooDs,সান্নাহফুডস,TL-NW-ALNUM
azzif,azzif,আযযিফ,TL-NW-ALNUM
barakah,barakah,বারাকাহ,TL-NW-ALNUM
buhara,buhara,বুহারা,TL-NW-ALNUM
buraq,buraq,বুরাক,TL-NW-ALNUM
dente,dente,দেন্ত,TL-NW-ALNUM
dhafra,dhafra,ধাফ্রা,TL-NW-ALNUM
ehesan,ehesan,এহেসান,TL-NW-ALNUM
fakher,fakhar,ফাখার,TL-NW-ALNUM
falah,falah,ফালাহ,TL-NW-ALNUM
int:,int:,int:,TL-NW-SP-Error
faruk,faruk,ফারুক,TL-NW-ALNUM
fattah,fattah,ফাত্তাহ,TL-NW-ALNUM
furkan,furkan,ফুরকান,TL-NW-ALNUM
haddad,haDDad,হাড্ডাদ,TL-NW-ALNUM
hadithah,hadithah,হাদিথাহ,TL-NW-ALNUM
hafiz,hafiz,হাফিয,TL-NW-ALNUM
haramain,haramain,হারামাইন,TL-NW-ALNUM
helal,helal,হেলাল,TL-NW-ALNUM
helal,helal,হেলাল,TL-NW-ALNUM
hidayah,hidayah,হিদায়াহ,TL-NW-ALNUM
hijrah,hijrah,হিজ্রাহ,TL-NW-ALNUM
hikmah,hikmah,হিকমাহ,TL-NW-ALNUM
ieman,ieman,ইএমান,TL-NW-ALNUM
murni,murni,মুরনি,TL-NW-ALNUM
intisaar,inTisaar,ইন্টিসার,TL-NW-ALNUM
jabaliye,jabaliye,জাবালিয়,TL-NW-ALNUM
jabaliye,jabaliye,জাবালিয়,TL-NW-ALNUM
(??????),(??????),(??????),TL-NW-SP-Error
jajira,je jeira,জ জেইরা,TL-NW-ALNUM
jajira,je jeira,জ জেইরা,TL-NW-ALNUM
jannah,jannah,জান্নাহ,TL-NW-ALNUM
kaaf,kaaf,কাফ,TL-NW-ALNUM
furnituere,furnituere,ফুরনিতুএর,TL-NW-ALNUM
kaaf,kaaf,কাফ,TL-NW-ALNUM
kaiyum,kaiium,কাইইউম,TL-NW-ALNUM
kausar,kausar,কাউসার,TL-NW-ALNUM
kauthar,kauthar,কাউথার,TL-NW-ALNUM
kayed,kayed,কায়েদ,TL-NW-ALNUM
khairi,khairi,খাইরি,TL-NW-ALNUM
kiai,kiai,কিয়াই,TL-NW-ALNUM
awsome,awsome,আওসম,TL-NW-ALNUM
kiai,kiai,কিয়াই,TL-NW-ALNUM
kiai,kiai,কিয়াই,TL-NW-ALNUM
kiai,kiai,কিয়াই,TL-NW-ALNUM
kiai,kiai,কিয়াই,TL-NW-ALNUM
lube,lube,লুব,TL-NW-ALNUM
lubes,lubes,লুবেস,TL-NW-ALNUM
madinah,mZaDinah,ম্যাডিনাহ,TL-NW-ALNUM
malabis,ma`lZabis,মাল্যাবিস,TL-NW-ALNUM
manhoob,manhoob,মানহুব,TL-NW-ALNUM
ma'ounah,ma'ounah,ma'ounah,TL-NW-SP-Error
durian,durian,দুরিয়ান,TL-NW-ALNUM
belanda,belZanDa,বেল্যান্ডা,TL-NW-ALNUM
ma'ounah,ma'ounah,ma'ounah,TL-NW-SP-Error
juice,jua`is,জুাইস,TL-NW-ALNUM
marwa,marwa,মার্বা,TL-NW-ALNUM
mullah,mullah,মুল্লাহ,TL-NW-ALNUM
mullah,mullah,মুল্লাহ,TL-NW-ALNUM
mullah,mullah,মুল্লাহ,TL-NW-ALNUM
musbah,musbah,মুসবাহ,TL-NW-ALNUM
nas,nas,নাস,TL-NW-ALNUM
obod,obod,অবদ,TL-NW-ALNUM
humaira,humaira,হুমাইরা,TL-NW-ALNUM
rafi,rafi,রাফি,TL-NW-ALNUM
rafi,rafi,রাফি,TL-NW-ALNUM
rayan,rayan,রায়ান,TL-NW-ALNUM
rayyan,rayyan,রায়্যান,TL-NW-ALNUM
hijrah,hijrah,হিজ্রাহ,TL-NW-ALNUM
razi,razi,রাযি,TL-NW-ALNUM
rehan,rehan,রেহান,TL-NW-ALNUM
reis,reis,রেইস,TL-NW-ALNUM
rimal,rimal,রিমাল,TL-NW-ALNUM
taiba,taiba,তাইবা,TL-NW-ALNUM
dates,dates,দাতেস,TL-NW-ALNUM
riyad,riyad,রিয়াদ,TL-NW-ALNUM
salafiyah,salafiyah,সালাফিয়াহ,TL-NW-ALNUM
salafiyah,salafiyah,সালাফিয়াহ,TL-NW-ALNUM
samagri,samagri,সামাগ্রি,TL-NW-ALNUM
shifa,shifa,শিফা,TL-NW-ALNUM
taiba,taiba,তাইবা,TL-NW-ALNUM
tasneem,tasnIm,তাস্নীম,TL-NW-ALNUM
zaffran,zaffran,যাফফ্রান,TL-NW-ALNUM
matino,maTino,মাটিন,TL-NW-ALNUM
alab,a`lZab,াল্যাব,TL-NW-ALNUM
alab,a`lZab,াল্যাব,TL-NW-ALNUM
botanica,botanika,বতানিকা,TL-NW-ALNUM
alaba,a`lZaba,াল্যাবা,TL-NW-ALNUM
alabi,a`lZabi,াল্যাবি,TL-NW-ALNUM
al-achhaak,al-achhaak,al-achhaak,TL-NW-Error
aladdin,aleDin,আলেডিন,TL-NW-ALNUM
aladdin,aleDin,আলেডিন,TL-NW-ALNUM
chirg,chirg,ছিরগ,TL-NW-ALNUM
aladdin,aleDin,আলেডিন,TL-NW-ALNUM
chirg,chirg,ছিরগ,TL-NW-ALNUM
aladdin,aleDin,আলেডিন,TL-NW-ALNUM
aladdin,aleDin,আলেডিন,TL-NW-ALNUM
aladdin,aleDin,আলেডিন,TL-NW-ALNUM
shisha,shisha,শিশা,TL-NW-ALNUM
aladdincards,aleDinkards,আলেডিঙ্কারদস,TL-NW-ALNUM
aladfar,aladfar,আলাদফার,TL-NW-ALNUM
aladiiin,aladiiin,আলাদিইইন,TL-NW-ALNUM
aladin,aladin,আলাদিন,TL-NW-ALNUM
aladin,aladin,আলাদিন,TL-NW-ALNUM
aladin,aladin,আলাদিন,TL-NW-ALNUM
aladinbabyshop,aladinbabishop,আলাদিনবাবিশপ,TL-NW-ALNUM
aladinkids,aladinkiDs,আলাদিঙ্কিডস,TL-NW-ALNUM
aladinmart,aladinMarrT,আলাদিন্মার্ট,TL-NW-ALNUM
aladin's,aladin's,aladin's,TL-NW-SP-Error
aladin's,aladin's,aladin's,TL-NW-SP-Error
alaf,alaf,আলাফ,TL-NW-ALNUM
alaf,alaf,আলাফ,TL-NW-ALNUM
sanjung,sanjung,সাঞ্জুং,TL-NW-ALNUM
alaf23,alaf23,আলাফ২৩,TL-NW-ALNUM
alaffia,alaffia,আলাফফিয়া,TL-NW-ALNUM
alahli,alahli,আলাহ্লি,TL-NW-ALNUM
alaia,alaia,আলাইয়া,TL-NW-ALNUM
alain,alain,আলাইন,TL-NW-ALNUM
brumont,brumont,ব্রুমন্ত,TL-NW-ALNUM
alain,alain,আলাইন,TL-NW-ALNUM
delon,delon,দেলন,TL-NW-ALNUM
alain,alain,আলাইন,TL-NW-ALNUM
milliat,milliat,মিল্লিয়াত,TL-NW-ALNUM
a'laisyah,a'laisyah,a'laisyah,TL-NW-SP-Error
alaiye,alaiye,আলাইয়,TL-NW-ALNUM
al-ajim,al-ajim,al-ajim,TL-NW-Error
al-aksa,al-aksa,al-aksa,TL-NW-Error
alalimimi,alalimimi,আলালিমিমি,TL-NW-ALNUM
al-alwani,al-alwani,al-alwani,TL-NW-Error
memoni,memoni,মেমনি,TL-NW-ALNUM
alams,alams,alams,TL-NW-Error
alamak,alamak,আলামাক,TL-NW-ALNUM
al-amana24,al-amana24,al-amana24,TL-NW-Error
al-ambiak,al-ambiak,al-ambiak,TL-NW-Error
alami,alami,আলামি,TL-NW-ALNUM
alamin,alamin,আলামিন,TL-NW-ALNUM
biz,biz,বিয,TL-NW-ALNUM
vander,vander,ভান্দের,TL-NW-ALNUM
al-amin,al-amin,al-amin,TL-NW-Error
al-amin,al-amin,al-amin,TL-NW-Error
alamin,alamin,আলামিন,TL-NW-ALNUM
exppress,exppris,এক্সপ্প্রিস,TL-NW-ALNUM
alamin,alamin,আলামিন,TL-NW-ALNUM
alamin,alamin,আলামিন,TL-NW-ALNUM
al-amin,al-amin,al-amin,TL-NW-Error
al-amin,al-amin,al-amin,TL-NW-Error
alaminagb,ala`minagb,আলামিনাগব,TL-NW-ALNUM
alaminbd,alaminbd,আলামিনব্দ,TL-NW-ALNUM
al-amineblock,al-amineblock,al-amineblock,TL-NW-Error
alam's,alam's,alam's,TL-NW-SP-Error
alam's,alam's,alam's,TL-NW-SP-Error
alams,alams,আলামস,TL-NW-ALNUM
alam's,alam's,alam's,TL-NW-SP-Error
alams,alams,আলামস,TL-NW-ALNUM
alam's,alam's,alam's,TL-NW-SP-Error
silverwood,silverwood,সিল্ভের্বুদ,TL-NW-ALNUM
alana,alana,আলানা,TL-NW-ALNUM
alana,alana,আলানা,TL-NW-ALNUM
faminine,faminine,ফামিনিন,TL-NW-ALNUM
elaiki,elaiki,এলাইকি,TL-NW-ALNUM
alana,alana,আলানা,TL-NW-ALNUM
peplum,peplum,পেপ্লুম,TL-NW-ALNUM
kurung,kurung,কুরুং,TL-NW-ALNUM
alanerv,alanerv,আলানেরভ,TL-NW-ALNUM
alanes,alanes,আলানেস,TL-NW-ALNUM
alang,alang,আলাং,TL-NW-ALNUM
alang,alang,আলাং,TL-NW-ALNUM
dagang,dagang,দাগাং,TL-NW-ALNUM
alangduo,alangduo,আলাংদুও,TL-NW-ALNUM
alapi,alapi,আলাপি,TL-NW-ALNUM
degital,degital,দেগিতাল,TL-NW-ALNUM
alapi,alapi,আলাপি,TL-NW-ALNUM
alapon,alapon,আলাপন,TL-NW-ALNUM
alapon,alapon,আলাপন,TL-NW-ALNUM
al-aqsa,al-aqsa,al-aqsa,TL-NW-Error
al-arabia,al-arabia,al-arabia,TL-NW-Error
al-arabian,al-arabian,al-arabian,TL-NW-Error
alarasi,alarasi,আলারাসি,TL-NW-ALNUM
al'ard,al'ard,al'ard,TL-NW-SP-Error
alardor,alardor,আলারদর,TL-NW-ALNUM
al-ashak,al-ashak,al-ashak,TL-NW-Error
bear,bear,বেয়ার,TL-NW-ALNUM
gem,gem,গেম,TL-NW-ALNUM
alasxa,alasxa,আলাসক্সা,TL-NW-ALNUM
alatech,alaTek,আলাটেক,TL-NW-ALNUM
alathfar,alathfar,আলাথফার,TL-NW-ALNUM
alatuns,alatuns,আলাতুন্স,TL-NW-ALNUM
imported,imported,ইম্পরতেদ,TL-NW-ALNUM
sweetmeat,swItmeat,স্বীত্মেয়াত,TL-NW-ALNUM
alavie,alavie,আলাভিএ,TL-NW-ALNUM
alavis,alavis,আলাভিস,TL-NW-ALNUM
alawael,alawael,আলাওাএল,TL-NW-ALNUM
alawar,ala`Oar,আলাওয়ার,TL-NW-ALNUM
premium,primium,প্রিমিউম,TL-NW-ALNUM
alaxo,alaxo,আলাক্স,TL-NW-ALNUM
alaya,alaya,আলায়া,TL-NW-ALNUM
alayna,alayna,আলায়না,TL-NW-ALNUM
blush,blush,ব্লুশ,TL-NW-ALNUM
alazo,alazo,আলায,TL-NW-ALNUM
alb,alb,আল্ব,TL-NW-ALNUM
albaasaa,albaasaa,আল্বাসা,TL-NW-ALNUM
albai,albai,আল্বাই,TL-NW-ALNUM
albaki,albaki,আল্বাকি,TL-NW-ALNUM
albaki,albaki,আল্বাকি,TL-NW-ALNUM
albakishop,albakishop,আল্বাকিশপ,TL-NW-ALNUM
albali,albali,আল্বালি,TL-NW-ALNUM
albane,albane,আল্বান,TL-NW-ALNUM
al-baqi,al-baqi,al-baqi,TL-NW-Error
al-bari,al-bari,al-bari,TL-NW-Error
al-basit,al-basit,al-basit,TL-NW-Error
albedo100,albedo100,আল্বেদ১০০,TL-NW-ALNUM
albela,albela,আল্বেলা,TL-NW-ALNUM
albelia,albelia,আল্বেলিয়া,TL-NW-ALNUM
albelia,albelia,আল্বেলিয়া,TL-NW-ALNUM
cafe,kZafe`,ক্যাফে,TL-NW-ALNUM
albertini,alberTini,আল্বেরটিনি,TL-NW-ALNUM
albertino,alberTino,আল্বেরটিন,TL-NW-ALNUM
albertming,albertming,আল্বেরত্মিং,TL-NW-ALNUM
alberto,alberto,আল্বেরত,TL-NW-ALNUM
alberto,alberto,আল্বেরত,TL-NW-ALNUM
cardinali,kardinali,কারদিনালি,TL-NW-ALNUM
alberto,alberto,আল্বেরত,TL-NW-ALNUM
guardiani,garrDiani,গার্ডিয়ানি,TL-NW-ALNUM
alberto,alberto,আল্বেরত,TL-NW-ALNUM
premi,primi,প্রিমি,TL-NW-ALNUM
alberto,alberto,আল্বেরত,TL-NW-ALNUM
torresi,Torresi,টররেসি,TL-NW-ALNUM
alberto,alberto,আল্বেরত,TL-NW-ALNUM
vo5,vo5,ভ৫,TL-NW-ALNUM
albertobalsam,albertobalsam,আল্বেরতবালসাম,TL-NW-ALNUM
albertoz,albertoz,আল্বেরতয,TL-NW-ALNUM
albi,albi,আল্বি,TL-NW-ALNUM
albikash,albikash,আল্বিকাশ,TL-NW-ALNUM
albin,albin,আল্বিন,TL-NW-ALNUM
albinobd,albinobd,আল্বিনব্দ,TL-NW-ALNUM
albireo,albireo,আল্বিরেও,TL-NW-ALNUM
albrecht,albrecht,আল্ব্রেছত,TL-NW-ALNUM
albreda,albreda,আল্ব্রেদা,TL-NW-ALNUM
albu-man,albu-man,albu-man,TL-NW-Error
alburuzbd,alburuzbd,আল্বুরুযব্দ,TL-NW-ALNUM
alc,alc,আলচ,TL-NW-ALNUM
alcatel,alkatel,আল্কাতেল,TL-NW-ALNUM
alcatel,alkatel,আল্কাতেল,TL-NW-ALNUM
alcatroz,alkatroz,আল্কাত্রয,TL-NW-ALNUM
alcazar,alkazar,আল্কাযার,TL-NW-ALNUM
alce,alce,আলচ,TL-NW-ALNUM
nero,nero,নের,TL-NW-ALNUM
alchemade,alchemeD,আলছেমেড,TL-NW-ALNUM
alchemista,alkemista,আল্কেমিস্তা,TL-NW-ALNUM
alchiba,alchiba,আলছিবা,TL-NW-ALNUM
alco,alco,আলচ,TL-NW-ALNUM
alcor,alkor,আল্কর,TL-NW-ALNUM
alcose,alcose,আলচস,TL-NW-ALNUM
alcoshot,alcoshot,আলচশত,TL-NW-ALNUM
alcott,alcott,আলচত্ত,TL-NW-ALNUM
alctron,alcTron,আলচট্রন,TL-NW-ALNUM
alcubieree,alcubierI,আলচুবিএরী,TL-NW-ALNUM
ald,ald,আলদ,TL-NW-ALNUM
aldaluz,aldaluz,আলদালুয,TL-NW-ALNUM
alderac,alderac,আলদেরাচ,TL-NW-ALNUM
aldi,aldi,আলদি,TL-NW-ALNUM
aldo,aldo,আলদ,TL-NW-ALNUM
iserfatina,iserfaTina,ইসেরফাটিনা,TL-NW-ALNUM
aldo,aldo,আলদ,TL-NW-ALNUM
lorenzi,lorenzi,লরেনযি,TL-NW-ALNUM
aldo,aldo,আলদ,TL-NW-ALNUM
vandini,vandini,ভান্দিনি,TL-NW-ALNUM
aldrich,aldrich,আলদ্রিছ,TL-NW-ALNUM
ale,ale,আল,TL-NW-ALNUM
alea,alea,আলেয়া,TL-NW-ALNUM
alea,alea,আলেয়া,TL-NW-ALNUM
depo,depo,দেপ,TL-NW-ALNUM
alebibi,alebibi,আলেবিবি,TL-NW-ALNUM
aledtech,aledTek,আলেদটেক,TL-NW-ALNUM
alee,alI,আলী,TL-NW-ALNUM
aleef,alIf,আলীফ,TL-NW-ALNUM
aleena,alIna,আলীনা,TL-NW-ALNUM
aleena,alIna,আলীনা,TL-NW-ALNUM
aleena,alIna,আলীনা,TL-NW-ALNUM
perintis,parinTis,পারিন্টিস,TL-NW-ALNUM
aleene's,aleene's,aleene's,TL-NW-SP-Error
aleesya,alIsya,আলীস্যা,TL-NW-ALNUM
basics,basics,বাসিচস,TL-NW-ALNUM
aleeus,alIus,আলীউস,TL-NW-ALNUM
alef,alef,আলেফ,TL-NW-ALNUM
judaica,judaika,জুদাইকা,TL-NW-ALNUM
alegacy,alegacy,আলেগাচ্য,TL-NW-ALNUM
a-legent,a-legent,a-legent,TL-NW-Error
alegta,alegta,আলেগতা,TL-NW-ALNUM
alegta,alegta,আলেগতা,TL-NW-ALNUM
alegta,alegta,আলেগতা,TL-NW-ALNUM
alegta,alegta,আলেগতা,TL-NW-ALNUM
alegtaltd,alegtaltd,আলেগতালতদ,TL-NW-ALNUM
aleko,aleko,আলেক,TL-NW-ALNUM
aleks,aleks,আলেক্স,TL-NW-ALNUM
melnyk,melnyk,মেলন্যক,TL-NW-ALNUM
aleno,aleno,আলেন,TL-NW-ALNUM
alephant,alephant,আলেফান্ত,TL-NW-ALNUM
aleppo,aleppo,আলেপ্প,TL-NW-ALNUM
alequa,alequa,আলেকুয়া,TL-NW-ALNUM
alera,alera,আলেরা,TL-NW-ALNUM
alera,alera,আলেরা,TL-NW-ALNUM
(aleau),(aleau),(aleau),TL-NW-SP-Error
alera,alera,আলেরা,TL-NW-ALNUM
alere,alere,আলের,TL-NW-ALNUM
g1,g1,গ১,TL-NW-ALNUM
alero,alero,আলের,TL-NW-ALNUM
alertcare,alertkeyar,আলেরতকেয়ার,TL-NW-ALNUM
al-eshak,al-eshak,al-eshak,TL-NW-Error
al-eshak,al-eshak,al-eshak,TL-NW-Error
alessandrodellacqua,alessandrodellacqua,alessandrodellacqua,Long-word
alessi,alesi,আলেসি,TL-NW-ALNUM
alessio,alesio,আলেসিও,TL-NW-ALNUM
nesca,neska,নেস্কা,TL-NW-ALNUM
alesto,alesto,আলেস্ত,TL-NW-ALNUM
alethea,alethea,আলেথেয়া,TL-NW-ALNUM
aleveshop,aleveshop,আলেভেশপ,TL-NW-ALNUM
alewei,alewei,আলেওেই,TL-NW-ALNUM
monroe,monroe,মন্রএ,TL-NW-ALNUM
alexa,alexa,আলেক্সা,TL-NW-ALNUM
alexa,alexa,আলেক্সা,TL-NW-ALNUM
alexa,alexa,আলেক্সা,TL-NW-ALNUM
mcqueen,mcquIn,মচকুঈন,TL-NW-ALNUM
mcqueen,mcquIn,মচকুঈন,TL-NW-ALNUM
mcqueen,mcquIn,মচকুঈন,TL-NW-ALNUM
